onset	duration	sample	trial_type	response_time	stim_file	value	HED
266.8100000000	n/a	n/a	n/a	n/a	n/a	2	n/a
285.9860000000	n/a	n/a	n/a	n/a	n/a	2	n/a
308.2040000000	n/a	n/a	n/a	n/a	n/a	2	n/a
384.2360000000	n/a	n/a	n/a	n/a	n/a	1	n/a
403.1720000000	n/a	n/a	n/a	n/a	n/a	1	n/a
426.0900000000	n/a	n/a	n/a	n/a	n/a	2	n/a
428.4700000000	n/a	n/a	n/a	n/a	n/a	500	n/a
428.8400000000	n/a	n/a	n/a	n/a	n/a	150	n/a
431.9700000000	n/a	n/a	n/a	n/a	n/a	4	n/a
432.6400000000	n/a	n/a	n/a	n/a	n/a	250	n/a
435.7800000000	n/a	n/a	n/a	n/a	n/a	350	n/a
442.4600000000	n/a	n/a	n/a	n/a	n/a	50	n/a
446.1460000000	n/a	n/a	n/a	n/a	n/a	4501	n/a
449.0400000000	n/a	n/a	n/a	n/a	n/a	500	n/a
449.3700000000	n/a	n/a	n/a	n/a	n/a	150	n/a
452.5400000000	n/a	n/a	n/a	n/a	n/a	4	n/a
453.1800000000	n/a	n/a	n/a	n/a	n/a	250	n/a
456.3500000000	n/a	n/a	n/a	n/a	n/a	350	n/a
462.9900000000	n/a	n/a	n/a	n/a	n/a	50	n/a
466.3320000000	n/a	n/a	n/a	n/a	n/a	4501	n/a
469.4000000000	n/a	n/a	n/a	n/a	n/a	500	n/a
469.7400000000	n/a	n/a	n/a	n/a	n/a	150	n/a
472.9100000000	n/a	n/a	n/a	n/a	n/a	4	n/a
473.5400000000	n/a	n/a	n/a	n/a	n/a	250	n/a
476.7100000000	n/a	n/a	n/a	n/a	n/a	350	n/a
483.3600000000	n/a	n/a	n/a	n/a	n/a	50	n/a
487.3400000000	n/a	n/a	n/a	n/a	n/a	4501	n/a
489.6700000000	n/a	n/a	n/a	n/a	n/a	500	n/a
490.0300000000	n/a	n/a	n/a	n/a	n/a	150	n/a
493.1700000000	n/a	n/a	n/a	n/a	n/a	4	n/a
493.8400000000	n/a	n/a	n/a	n/a	n/a	250	n/a
496.9800000000	n/a	n/a	n/a	n/a	n/a	350	n/a
503.6600000000	n/a	n/a	n/a	n/a	n/a	50	n/a
506.8260000000	n/a	n/a	n/a	n/a	n/a	4501	n/a
509.9000000000	n/a	n/a	n/a	n/a	n/a	500	n/a
510.2700000000	n/a	n/a	n/a	n/a	n/a	150	n/a
513.4100000000	n/a	n/a	n/a	n/a	n/a	4	n/a
514.0700000000	n/a	n/a	n/a	n/a	n/a	250	n/a
517.2100000000	n/a	n/a	n/a	n/a	n/a	350	n/a
523.8900000000	n/a	n/a	n/a	n/a	n/a	50	n/a
525.3620000000	n/a	n/a	n/a	n/a	n/a	4501	n/a
530.0300000000	n/a	n/a	n/a	n/a	n/a	500	n/a
530.4000000000	n/a	n/a	n/a	n/a	n/a	150	n/a
533.5400000000	n/a	n/a	n/a	n/a	n/a	4	n/a
534.2100000000	n/a	n/a	n/a	n/a	n/a	250	n/a
537.3400000000	n/a	n/a	n/a	n/a	n/a	350	n/a
544.0200000000	n/a	n/a	n/a	n/a	n/a	50	n/a
546.5180000000	n/a	n/a	n/a	n/a	n/a	4501	n/a
550.4300000000	n/a	n/a	n/a	n/a	n/a	500	n/a
550.8000000000	n/a	n/a	n/a	n/a	n/a	150	n/a
553.9400000000	n/a	n/a	n/a	n/a	n/a	4	n/a
554.6000000000	n/a	n/a	n/a	n/a	n/a	250	n/a
557.7400000000	n/a	n/a	n/a	n/a	n/a	350	n/a
564.4200000000	n/a	n/a	n/a	n/a	n/a	50	n/a
568.0700000000	n/a	n/a	n/a	n/a	n/a	4501	n/a
570.6300000000	n/a	n/a	n/a	n/a	n/a	500	n/a
570.9600000000	n/a	n/a	n/a	n/a	n/a	150	n/a
574.1400000000	n/a	n/a	n/a	n/a	n/a	4	n/a
574.7700000000	n/a	n/a	n/a	n/a	n/a	250	n/a
577.9400000000	n/a	n/a	n/a	n/a	n/a	350	n/a
584.5900000000	n/a	n/a	n/a	n/a	n/a	50	n/a
587.1400000000	n/a	n/a	n/a	n/a	n/a	4501	n/a
591.0300000000	n/a	n/a	n/a	n/a	n/a	500	n/a
591.3600000000	n/a	n/a	n/a	n/a	n/a	150	n/a
594.5400000000	n/a	n/a	n/a	n/a	n/a	4	n/a
595.1700000000	n/a	n/a	n/a	n/a	n/a	250	n/a
598.3400000000	n/a	n/a	n/a	n/a	n/a	350	n/a
604.9900000000	n/a	n/a	n/a	n/a	n/a	50	n/a
606.3180000000	n/a	n/a	n/a	n/a	n/a	4501	n/a
611.2100000000	n/a	n/a	n/a	n/a	n/a	500	n/a
611.5500000000	n/a	n/a	n/a	n/a	n/a	150	n/a
614.7200000000	n/a	n/a	n/a	n/a	n/a	4	n/a
615.3500000000	n/a	n/a	n/a	n/a	n/a	250	n/a
618.5200000000	n/a	n/a	n/a	n/a	n/a	350	n/a
625.1700000000	n/a	n/a	n/a	n/a	n/a	50	n/a
630.5660000000	n/a	n/a	n/a	n/a	n/a	4501	n/a
631.6800000000	n/a	n/a	n/a	n/a	n/a	500	n/a
632.0100000000	n/a	n/a	n/a	n/a	n/a	150	n/a
635.1800000000	n/a	n/a	n/a	n/a	n/a	4	n/a
635.8200000000	n/a	n/a	n/a	n/a	n/a	250	n/a
638.9900000000	n/a	n/a	n/a	n/a	n/a	350	n/a
645.6300000000	n/a	n/a	n/a	n/a	n/a	50	n/a
648.2320000000	n/a	n/a	n/a	n/a	n/a	4501	n/a
652.1400000000	n/a	n/a	n/a	n/a	n/a	500	n/a
652.5100000000	n/a	n/a	n/a	n/a	n/a	150	n/a
655.6500000000	n/a	n/a	n/a	n/a	n/a	4	n/a
656.3200000000	n/a	n/a	n/a	n/a	n/a	250	n/a
659.4600000000	n/a	n/a	n/a	n/a	n/a	350	n/a
666.1300000000	n/a	n/a	n/a	n/a	n/a	50	n/a
668.2780000000	n/a	n/a	n/a	n/a	n/a	4501	n/a
672.7400000000	n/a	n/a	n/a	n/a	n/a	500	n/a
673.0800000000	n/a	n/a	n/a	n/a	n/a	150	n/a
676.2500000000	n/a	n/a	n/a	n/a	n/a	4	n/a
676.8800000000	n/a	n/a	n/a	n/a	n/a	250	n/a
680.0600000000	n/a	n/a	n/a	n/a	n/a	350	n/a
686.7000000000	n/a	n/a	n/a	n/a	n/a	50	n/a
689.7440000000	n/a	n/a	n/a	n/a	n/a	4501	n/a
693.0100000000	n/a	n/a	n/a	n/a	n/a	500	n/a
693.3800000000	n/a	n/a	n/a	n/a	n/a	150	n/a
696.5200000000	n/a	n/a	n/a	n/a	n/a	4	n/a
697.1800000000	n/a	n/a	n/a	n/a	n/a	250	n/a
700.3200000000	n/a	n/a	n/a	n/a	n/a	350	n/a
707.0000000000	n/a	n/a	n/a	n/a	n/a	50	n/a
711.1400000000	n/a	n/a	n/a	n/a	n/a	4500	n/a
713.4100000000	n/a	n/a	n/a	n/a	n/a	500	n/a
713.7400000000	n/a	n/a	n/a	n/a	n/a	150	n/a
716.9200000000	n/a	n/a	n/a	n/a	n/a	4	n/a
717.5700000000	n/a	n/a	n/a	n/a	n/a	250	n/a
720.7000000000	n/a	n/a	n/a	n/a	n/a	350	n/a
727.3800000000	n/a	n/a	n/a	n/a	n/a	50	n/a
729.5940000000	n/a	n/a	n/a	n/a	n/a	4501	n/a
733.9800000000	n/a	n/a	n/a	n/a	n/a	500	n/a
734.3100000000	n/a	n/a	n/a	n/a	n/a	150	n/a
737.4800000000	n/a	n/a	n/a	n/a	n/a	4	n/a
738.1200000000	n/a	n/a	n/a	n/a	n/a	250	n/a
741.2900000000	n/a	n/a	n/a	n/a	n/a	350	n/a
747.9300000000	n/a	n/a	n/a	n/a	n/a	50	n/a
749.5860000000	n/a	n/a	n/a	n/a	n/a	4501	n/a
754.0600000000	n/a	n/a	n/a	n/a	n/a	500	n/a
754.4300000000	n/a	n/a	n/a	n/a	n/a	150	n/a
757.5600000000	n/a	n/a	n/a	n/a	n/a	4	n/a
758.2300000000	n/a	n/a	n/a	n/a	n/a	250	n/a
761.3700000000	n/a	n/a	n/a	n/a	n/a	350	n/a
768.0500000000	n/a	n/a	n/a	n/a	n/a	50	n/a
771.1640000000	n/a	n/a	n/a	n/a	n/a	4501	n/a
774.5900000000	n/a	n/a	n/a	n/a	n/a	500	n/a
774.9300000000	n/a	n/a	n/a	n/a	n/a	150	n/a
778.1000000000	n/a	n/a	n/a	n/a	n/a	4	n/a
778.7300000000	n/a	n/a	n/a	n/a	n/a	250	n/a
781.9000000000	n/a	n/a	n/a	n/a	n/a	350	n/a
788.5500000000	n/a	n/a	n/a	n/a	n/a	50	n/a
790.4880000000	n/a	n/a	n/a	n/a	n/a	4501	n/a
794.6900000000	n/a	n/a	n/a	n/a	n/a	500	n/a
795.0200000000	n/a	n/a	n/a	n/a	n/a	150	n/a
798.2000000000	n/a	n/a	n/a	n/a	n/a	4	n/a
798.8300000000	n/a	n/a	n/a	n/a	n/a	250	n/a
802.0000000000	n/a	n/a	n/a	n/a	n/a	350	n/a
808.6600000000	n/a	n/a	n/a	n/a	n/a	50	n/a
811.7640000000	n/a	n/a	n/a	n/a	n/a	4501	n/a
815.1400000000	n/a	n/a	n/a	n/a	n/a	500	n/a
815.5100000000	n/a	n/a	n/a	n/a	n/a	150	n/a
818.6400000000	n/a	n/a	n/a	n/a	n/a	4	n/a
819.3100000000	n/a	n/a	n/a	n/a	n/a	250	n/a
822.4500000000	n/a	n/a	n/a	n/a	n/a	350	n/a
829.1300000000	n/a	n/a	n/a	n/a	n/a	50	n/a
831.3180000000	n/a	n/a	n/a	n/a	n/a	4500	n/a
835.4400000000	n/a	n/a	n/a	n/a	n/a	500	n/a
835.7700000000	n/a	n/a	n/a	n/a	n/a	171	n/a
838.9400000000	n/a	n/a	n/a	n/a	n/a	4	n/a
839.5800000000	n/a	n/a	n/a	n/a	n/a	271	n/a
842.7500000000	n/a	n/a	n/a	n/a	n/a	371	n/a
849.3900000000	n/a	n/a	n/a	n/a	n/a	71	n/a
854.4640000000	n/a	n/a	n/a	n/a	n/a	4711	n/a
855.7400000000	n/a	n/a	n/a	n/a	n/a	500	n/a
856.1100000000	n/a	n/a	n/a	n/a	n/a	171	n/a
859.2400000000	n/a	n/a	n/a	n/a	n/a	4	n/a
859.9100000000	n/a	n/a	n/a	n/a	n/a	271	n/a
863.0500000000	n/a	n/a	n/a	n/a	n/a	371	n/a
869.7300000000	n/a	n/a	n/a	n/a	n/a	71	n/a
874.7980000000	n/a	n/a	n/a	n/a	n/a	4710	n/a
876.2000000000	n/a	n/a	n/a	n/a	n/a	500	n/a
876.5700000000	n/a	n/a	n/a	n/a	n/a	171	n/a
879.7100000000	n/a	n/a	n/a	n/a	n/a	4	n/a
880.3800000000	n/a	n/a	n/a	n/a	n/a	271	n/a
883.5200000000	n/a	n/a	n/a	n/a	n/a	371	n/a
890.1900000000	n/a	n/a	n/a	n/a	n/a	71	n/a
893.3320000000	n/a	n/a	n/a	n/a	n/a	4710	n/a
896.5500000000	n/a	n/a	n/a	n/a	n/a	500	n/a
896.8900000000	n/a	n/a	n/a	n/a	n/a	171	n/a
900.0600000000	n/a	n/a	n/a	n/a	n/a	4	n/a
900.6900000000	n/a	n/a	n/a	n/a	n/a	271	n/a
903.8700000000	n/a	n/a	n/a	n/a	n/a	371	n/a
910.5100000000	n/a	n/a	n/a	n/a	n/a	71	n/a
915.2500000000	n/a	n/a	n/a	n/a	n/a	4711	n/a
916.8200000000	n/a	n/a	n/a	n/a	n/a	500	n/a
917.1500000000	n/a	n/a	n/a	n/a	n/a	171	n/a
920.3200000000	n/a	n/a	n/a	n/a	n/a	4	n/a
920.9600000000	n/a	n/a	n/a	n/a	n/a	271	n/a
924.1300000000	n/a	n/a	n/a	n/a	n/a	371	n/a
930.7800000000	n/a	n/a	n/a	n/a	n/a	71	n/a
936.0740000000	n/a	n/a	n/a	n/a	n/a	4710	n/a
937.3900000000	n/a	n/a	n/a	n/a	n/a	500	n/a
937.7500000000	n/a	n/a	n/a	n/a	n/a	171	n/a
940.9100000000	n/a	n/a	n/a	n/a	n/a	4	n/a
941.5400000000	n/a	n/a	n/a	n/a	n/a	271	n/a
944.7100000000	n/a	n/a	n/a	n/a	n/a	371	n/a
951.3600000000	n/a	n/a	n/a	n/a	n/a	71	n/a
954.3580000000	n/a	n/a	n/a	n/a	n/a	4711	n/a
957.5300000000	n/a	n/a	n/a	n/a	n/a	500	n/a
957.8700000000	n/a	n/a	n/a	n/a	n/a	171	n/a
961.0400000000	n/a	n/a	n/a	n/a	n/a	4	n/a
961.6700000000	n/a	n/a	n/a	n/a	n/a	271	n/a
964.8500000000	n/a	n/a	n/a	n/a	n/a	371	n/a
971.4900000000	n/a	n/a	n/a	n/a	n/a	71	n/a
974.0220000000	n/a	n/a	n/a	n/a	n/a	4711	n/a
978.1000000000	n/a	n/a	n/a	n/a	n/a	500	n/a
978.4400000000	n/a	n/a	n/a	n/a	n/a	171	n/a
981.6100000000	n/a	n/a	n/a	n/a	n/a	4	n/a
982.2400000000	n/a	n/a	n/a	n/a	n/a	271	n/a
985.4100000000	n/a	n/a	n/a	n/a	n/a	371	n/a
992.0600000000	n/a	n/a	n/a	n/a	n/a	71	n/a
995.4680000000	n/a	n/a	n/a	n/a	n/a	4711	n/a
998.6000000000	n/a	n/a	n/a	n/a	n/a	500	n/a
998.9700000000	n/a	n/a	n/a	n/a	n/a	171	n/a
1002.1000000000	n/a	n/a	n/a	n/a	n/a	4	n/a
1002.8000000000	n/a	n/a	n/a	n/a	n/a	271	n/a
1005.9000000000	n/a	n/a	n/a	n/a	n/a	371	n/a
1012.6000000000	n/a	n/a	n/a	n/a	n/a	71	n/a
1018.2720000000	n/a	n/a	n/a	n/a	n/a	4710	n/a
1019.1000000000	n/a	n/a	n/a	n/a	n/a	500	n/a
1019.4000000000	n/a	n/a	n/a	n/a	n/a	171	n/a
1022.6000000000	n/a	n/a	n/a	n/a	n/a	4	n/a
1023.2000000000	n/a	n/a	n/a	n/a	n/a	271	n/a
1026.4000000000	n/a	n/a	n/a	n/a	n/a	371	n/a
1033.1000000000	n/a	n/a	n/a	n/a	n/a	71	n/a
1039.5000000000	n/a	n/a	n/a	n/a	n/a	500	n/a
1039.7580000000	n/a	n/a	n/a	n/a	n/a	4711	n/a
1039.8000000000	n/a	n/a	n/a	n/a	n/a	171	n/a
1043.0000000000	n/a	n/a	n/a	n/a	n/a	4	n/a
1043.6000000000	n/a	n/a	n/a	n/a	n/a	271	n/a
1046.8000000000	n/a	n/a	n/a	n/a	n/a	371	n/a
1053.5000000000	n/a	n/a	n/a	n/a	n/a	71	n/a
1056.6660000000	n/a	n/a	n/a	n/a	n/a	4711	n/a
1059.7000000000	n/a	n/a	n/a	n/a	n/a	500	n/a
1060.1000000000	n/a	n/a	n/a	n/a	n/a	171	n/a
1063.2000000000	n/a	n/a	n/a	n/a	n/a	4	n/a
1063.9000000000	n/a	n/a	n/a	n/a	n/a	271	n/a
1067.0000000000	n/a	n/a	n/a	n/a	n/a	371	n/a
1073.7000000000	n/a	n/a	n/a	n/a	n/a	71	n/a
1075.8580000000	n/a	n/a	n/a	n/a	n/a	4711	n/a
1079.9000000000	n/a	n/a	n/a	n/a	n/a	500	n/a
1080.3000000000	n/a	n/a	n/a	n/a	n/a	171	n/a
1083.4000000000	n/a	n/a	n/a	n/a	n/a	4	n/a
1084.1000000000	n/a	n/a	n/a	n/a	n/a	271	n/a
1087.2000000000	n/a	n/a	n/a	n/a	n/a	371	n/a
1093.9000000000	n/a	n/a	n/a	n/a	n/a	71	n/a
1097.4940000000	n/a	n/a	n/a	n/a	n/a	4711	n/a
1100.1000000000	n/a	n/a	n/a	n/a	n/a	500	n/a
1100.4000000000	n/a	n/a	n/a	n/a	n/a	171	n/a
1103.6000000000	n/a	n/a	n/a	n/a	n/a	4	n/a
1104.3000000000	n/a	n/a	n/a	n/a	n/a	271	n/a
1107.4000000000	n/a	n/a	n/a	n/a	n/a	371	n/a
1114.1000000000	n/a	n/a	n/a	n/a	n/a	71	n/a
1118.4980000000	n/a	n/a	n/a	n/a	n/a	4710	n/a
1120.5000000000	n/a	n/a	n/a	n/a	n/a	500	n/a
1120.9000000000	n/a	n/a	n/a	n/a	n/a	171	n/a
1124.0000000000	n/a	n/a	n/a	n/a	n/a	4	n/a
1124.7000000000	n/a	n/a	n/a	n/a	n/a	271	n/a
1127.8000000000	n/a	n/a	n/a	n/a	n/a	371	n/a
1134.5000000000	n/a	n/a	n/a	n/a	n/a	71	n/a
1137.0160000000	n/a	n/a	n/a	n/a	n/a	4711	n/a
1140.9000000000	n/a	n/a	n/a	n/a	n/a	500	n/a
1141.3000000000	n/a	n/a	n/a	n/a	n/a	171	n/a
1144.4000000000	n/a	n/a	n/a	n/a	n/a	4	n/a
1145.1000000000	n/a	n/a	n/a	n/a	n/a	271	n/a
1148.2000000000	n/a	n/a	n/a	n/a	n/a	371	n/a
1154.9000000000	n/a	n/a	n/a	n/a	n/a	71	n/a
1158.3520000000	n/a	n/a	n/a	n/a	n/a	4711	n/a
1161.1000000000	n/a	n/a	n/a	n/a	n/a	500	n/a
1161.4000000000	n/a	n/a	n/a	n/a	n/a	171	n/a
1164.6000000000	n/a	n/a	n/a	n/a	n/a	4	n/a
1165.2000000000	n/a	n/a	n/a	n/a	n/a	271	n/a
1168.4000000000	n/a	n/a	n/a	n/a	n/a	371	n/a
1175.1000000000	n/a	n/a	n/a	n/a	n/a	71	n/a
1179.2040000000	n/a	n/a	n/a	n/a	n/a	4711	n/a
1181.5000000000	n/a	n/a	n/a	n/a	n/a	500	n/a
1181.8000000000	n/a	n/a	n/a	n/a	n/a	171	n/a
1185.0000000000	n/a	n/a	n/a	n/a	n/a	4	n/a
1185.6000000000	n/a	n/a	n/a	n/a	n/a	271	n/a
1188.8000000000	n/a	n/a	n/a	n/a	n/a	371	n/a
1195.5000000000	n/a	n/a	n/a	n/a	n/a	71	n/a
1197.2680000000	n/a	n/a	n/a	n/a	n/a	4711	n/a
1202.0000000000	n/a	n/a	n/a	n/a	n/a	500	n/a
1202.4000000000	n/a	n/a	n/a	n/a	n/a	171	n/a
1205.5000000000	n/a	n/a	n/a	n/a	n/a	4	n/a
1206.2000000000	n/a	n/a	n/a	n/a	n/a	271	n/a
1209.3000000000	n/a	n/a	n/a	n/a	n/a	371	n/a
1216.0000000000	n/a	n/a	n/a	n/a	n/a	71	n/a
1221.2340000000	n/a	n/a	n/a	n/a	n/a	4710	n/a
1222.1000000000	n/a	n/a	n/a	n/a	n/a	500	n/a
1222.5000000000	n/a	n/a	n/a	n/a	n/a	171	n/a
1225.6000000000	n/a	n/a	n/a	n/a	n/a	4	n/a
1226.3000000000	n/a	n/a	n/a	n/a	n/a	271	n/a
1229.4000000000	n/a	n/a	n/a	n/a	n/a	371	n/a
1236.1000000000	n/a	n/a	n/a	n/a	n/a	71	n/a
1237.9000000000	n/a	n/a	n/a	n/a	n/a	4711	n/a
1242.3000000000	n/a	n/a	n/a	n/a	n/a	500	n/a
1242.7000000000	n/a	n/a	n/a	n/a	n/a	161	n/a
1245.8000000000	n/a	n/a	n/a	n/a	n/a	4	n/a
1246.5000000000	n/a	n/a	n/a	n/a	n/a	261	n/a
1249.7000000000	n/a	n/a	n/a	n/a	n/a	361	n/a
1256.3000000000	n/a	n/a	n/a	n/a	n/a	61	n/a
1261.1420000000	n/a	n/a	n/a	n/a	n/a	4610	n/a
1262.6000000000	n/a	n/a	n/a	n/a	n/a	500	n/a
1263.0000000000	n/a	n/a	n/a	n/a	n/a	161	n/a
1266.1000000000	n/a	n/a	n/a	n/a	n/a	4	n/a
1266.8000000000	n/a	n/a	n/a	n/a	n/a	261	n/a
1269.9000000000	n/a	n/a	n/a	n/a	n/a	361	n/a
1276.6000000000	n/a	n/a	n/a	n/a	n/a	61	n/a
1279.9100000000	n/a	n/a	n/a	n/a	n/a	4611	n/a
1282.9000000000	n/a	n/a	n/a	n/a	n/a	500	n/a
1283.2000000000	n/a	n/a	n/a	n/a	n/a	161	n/a
1286.4000000000	n/a	n/a	n/a	n/a	n/a	4	n/a
1287.0000000000	n/a	n/a	n/a	n/a	n/a	261	n/a
1290.2000000000	n/a	n/a	n/a	n/a	n/a	361	n/a
1296.8000000000	n/a	n/a	n/a	n/a	n/a	61	n/a
1299.3040000000	n/a	n/a	n/a	n/a	n/a	4611	n/a
1303.2000000000	n/a	n/a	n/a	n/a	n/a	500	n/a
1303.6000000000	n/a	n/a	n/a	n/a	n/a	161	n/a
1306.7000000000	n/a	n/a	n/a	n/a	n/a	4	n/a
1307.4000000000	n/a	n/a	n/a	n/a	n/a	261	n/a
1310.6000000000	n/a	n/a	n/a	n/a	n/a	361	n/a
1317.2000000000	n/a	n/a	n/a	n/a	n/a	61	n/a
1319.3580000000	n/a	n/a	n/a	n/a	n/a	4610	n/a
1323.4000000000	n/a	n/a	n/a	n/a	n/a	500	n/a
1323.7000000000	n/a	n/a	n/a	n/a	n/a	161	n/a
1326.9000000000	n/a	n/a	n/a	n/a	n/a	4	n/a
1327.5000000000	n/a	n/a	n/a	n/a	n/a	261	n/a
1330.7000000000	n/a	n/a	n/a	n/a	n/a	361	n/a
1337.4000000000	n/a	n/a	n/a	n/a	n/a	61	n/a
1338.7400000000	n/a	n/a	n/a	n/a	n/a	4610	n/a
1343.7000000000	n/a	n/a	n/a	n/a	n/a	500	n/a
1344.1000000000	n/a	n/a	n/a	n/a	n/a	161	n/a
1347.2000000000	n/a	n/a	n/a	n/a	n/a	4	n/a
1347.9000000000	n/a	n/a	n/a	n/a	n/a	261	n/a
1351.1000000000	n/a	n/a	n/a	n/a	n/a	361	n/a
1357.7000000000	n/a	n/a	n/a	n/a	n/a	61	n/a
1361.2640000000	n/a	n/a	n/a	n/a	n/a	4611	n/a
1364.3000000000	n/a	n/a	n/a	n/a	n/a	500	n/a
1364.6000000000	n/a	n/a	n/a	n/a	n/a	161	n/a
1367.8000000000	n/a	n/a	n/a	n/a	n/a	4	n/a
1368.4000000000	n/a	n/a	n/a	n/a	n/a	261	n/a
1371.6000000000	n/a	n/a	n/a	n/a	n/a	361	n/a
1378.2000000000	n/a	n/a	n/a	n/a	n/a	61	n/a
1381.8940000000	n/a	n/a	n/a	n/a	n/a	4610	n/a
1384.6000000000	n/a	n/a	n/a	n/a	n/a	500	n/a
1385.0000000000	n/a	n/a	n/a	n/a	n/a	161	n/a
1388.1000000000	n/a	n/a	n/a	n/a	n/a	4	n/a
1388.8000000000	n/a	n/a	n/a	n/a	n/a	261	n/a
1391.9000000000	n/a	n/a	n/a	n/a	n/a	361	n/a
1398.6000000000	n/a	n/a	n/a	n/a	n/a	61	n/a
1401.5320000000	n/a	n/a	n/a	n/a	n/a	4611	n/a
1404.8000000000	n/a	n/a	n/a	n/a	n/a	500	n/a
1405.1000000000	n/a	n/a	n/a	n/a	n/a	161	n/a
1408.3000000000	n/a	n/a	n/a	n/a	n/a	4	n/a
1408.9000000000	n/a	n/a	n/a	n/a	n/a	261	n/a
1412.1000000000	n/a	n/a	n/a	n/a	n/a	361	n/a
1418.8000000000	n/a	n/a	n/a	n/a	n/a	61	n/a
1421.6520000000	n/a	n/a	n/a	n/a	n/a	4610	n/a
1425.1000000000	n/a	n/a	n/a	n/a	n/a	500	n/a
1425.4000000000	n/a	n/a	n/a	n/a	n/a	161	n/a
1428.6000000000	n/a	n/a	n/a	n/a	n/a	4	n/a
1429.2000000000	n/a	n/a	n/a	n/a	n/a	261	n/a
1432.4000000000	n/a	n/a	n/a	n/a	n/a	361	n/a
1439.1000000000	n/a	n/a	n/a	n/a	n/a	61	n/a
1441.1440000000	n/a	n/a	n/a	n/a	n/a	4610	n/a
1445.5000000000	n/a	n/a	n/a	n/a	n/a	500	n/a
1445.8000000000	n/a	n/a	n/a	n/a	n/a	161	n/a
1449.0000000000	n/a	n/a	n/a	n/a	n/a	4	n/a
1449.6000000000	n/a	n/a	n/a	n/a	n/a	261	n/a
1452.8000000000	n/a	n/a	n/a	n/a	n/a	361	n/a
1459.4000000000	n/a	n/a	n/a	n/a	n/a	61	n/a
1461.8460000000	n/a	n/a	n/a	n/a	n/a	4610	n/a
1465.6000000000	n/a	n/a	n/a	n/a	n/a	500	n/a
1465.9000000000	n/a	n/a	n/a	n/a	n/a	161	n/a
1469.1000000000	n/a	n/a	n/a	n/a	n/a	4	n/a
1469.7000000000	n/a	n/a	n/a	n/a	n/a	261	n/a
1472.9000000000	n/a	n/a	n/a	n/a	n/a	361	n/a
1479.6000000000	n/a	n/a	n/a	n/a	n/a	61	n/a
1484.4300000000	n/a	n/a	n/a	n/a	n/a	4610	n/a
1485.7000000000	n/a	n/a	n/a	n/a	n/a	500	n/a
1486.1000000000	n/a	n/a	n/a	n/a	n/a	161	n/a
1489.2000000000	n/a	n/a	n/a	n/a	n/a	4	n/a
1489.9000000000	n/a	n/a	n/a	n/a	n/a	261	n/a
1493.0000000000	n/a	n/a	n/a	n/a	n/a	361	n/a
1499.7000000000	n/a	n/a	n/a	n/a	n/a	61	n/a
1502.6320000000	n/a	n/a	n/a	n/a	n/a	4611	n/a
1506.2000000000	n/a	n/a	n/a	n/a	n/a	500	n/a
1506.5000000000	n/a	n/a	n/a	n/a	n/a	161	n/a
1509.7000000000	n/a	n/a	n/a	n/a	n/a	4	n/a
1510.3000000000	n/a	n/a	n/a	n/a	n/a	261	n/a
1513.5000000000	n/a	n/a	n/a	n/a	n/a	361	n/a
1520.1000000000	n/a	n/a	n/a	n/a	n/a	61	n/a
1525.0020000000	n/a	n/a	n/a	n/a	n/a	4611	n/a
1526.4000000000	n/a	n/a	n/a	n/a	n/a	500	n/a
1526.8000000000	n/a	n/a	n/a	n/a	n/a	161	n/a
1529.9000000000	n/a	n/a	n/a	n/a	n/a	4	n/a
1530.6000000000	n/a	n/a	n/a	n/a	n/a	261	n/a
1533.7000000000	n/a	n/a	n/a	n/a	n/a	361	n/a
1540.4000000000	n/a	n/a	n/a	n/a	n/a	61	n/a
1545.0580000000	n/a	n/a	n/a	n/a	n/a	4610	n/a
1546.9000000000	n/a	n/a	n/a	n/a	n/a	500	n/a
1547.3000000000	n/a	n/a	n/a	n/a	n/a	161	n/a
1550.4000000000	n/a	n/a	n/a	n/a	n/a	4	n/a
1551.1000000000	n/a	n/a	n/a	n/a	n/a	261	n/a
1554.2000000000	n/a	n/a	n/a	n/a	n/a	361	n/a
1560.9000000000	n/a	n/a	n/a	n/a	n/a	61	n/a
1565.9920000000	n/a	n/a	n/a	n/a	n/a	4610	n/a
1567.2000000000	n/a	n/a	n/a	n/a	n/a	500	n/a
1567.5000000000	n/a	n/a	n/a	n/a	n/a	161	n/a
1570.7000000000	n/a	n/a	n/a	n/a	n/a	4	n/a
1571.3000000000	n/a	n/a	n/a	n/a	n/a	261	n/a
1574.5000000000	n/a	n/a	n/a	n/a	n/a	361	n/a
1581.1000000000	n/a	n/a	n/a	n/a	n/a	61	n/a
1586.0660000000	n/a	n/a	n/a	n/a	n/a	4611	n/a
1587.3000000000	n/a	n/a	n/a	n/a	n/a	500	n/a
1587.7000000000	n/a	n/a	n/a	n/a	n/a	161	n/a
1590.8000000000	n/a	n/a	n/a	n/a	n/a	4	n/a
1591.5000000000	n/a	n/a	n/a	n/a	n/a	261	n/a
1594.6000000000	n/a	n/a	n/a	n/a	n/a	361	n/a
1601.3000000000	n/a	n/a	n/a	n/a	n/a	61	n/a
1605.5620000000	n/a	n/a	n/a	n/a	n/a	4610	n/a
1607.8000000000	n/a	n/a	n/a	n/a	n/a	500	n/a
1608.2000000000	n/a	n/a	n/a	n/a	n/a	161	n/a
1611.3000000000	n/a	n/a	n/a	n/a	n/a	4	n/a
1612.0000000000	n/a	n/a	n/a	n/a	n/a	261	n/a
1615.1000000000	n/a	n/a	n/a	n/a	n/a	361	n/a
1621.8000000000	n/a	n/a	n/a	n/a	n/a	61	n/a
1625.9720000000	n/a	n/a	n/a	n/a	n/a	4611	n/a
1627.9000000000	n/a	n/a	n/a	n/a	n/a	500	n/a
1628.3000000000	n/a	n/a	n/a	n/a	n/a	161	n/a
1631.4000000000	n/a	n/a	n/a	n/a	n/a	4	n/a
1632.1000000000	n/a	n/a	n/a	n/a	n/a	261	n/a
1635.2000000000	n/a	n/a	n/a	n/a	n/a	361	n/a
1641.9000000000	n/a	n/a	n/a	n/a	n/a	61	n/a
1645.1920000000	n/a	n/a	n/a	n/a	n/a	4610	n/a
1648.2000000000	n/a	n/a	n/a	n/a	n/a	500	n/a
1648.5000000000	n/a	n/a	n/a	n/a	n/a	160	n/a
1651.7000000000	n/a	n/a	n/a	n/a	n/a	4	n/a
1652.3000000000	n/a	n/a	n/a	n/a	n/a	260	n/a
1655.5000000000	n/a	n/a	n/a	n/a	n/a	360	n/a
1662.1000000000	n/a	n/a	n/a	n/a	n/a	60	n/a
1664.8680000000	n/a	n/a	n/a	n/a	n/a	4601	n/a
1668.3000000000	n/a	n/a	n/a	n/a	n/a	500	n/a
1668.7000000000	n/a	n/a	n/a	n/a	n/a	160	n/a
1671.8000000000	n/a	n/a	n/a	n/a	n/a	4	n/a
1672.5000000000	n/a	n/a	n/a	n/a	n/a	260	n/a
1675.6000000000	n/a	n/a	n/a	n/a	n/a	360	n/a
1682.3000000000	n/a	n/a	n/a	n/a	n/a	60	n/a
1684.7200000000	n/a	n/a	n/a	n/a	n/a	4600	n/a
1688.7000000000	n/a	n/a	n/a	n/a	n/a	500	n/a
1689.1000000000	n/a	n/a	n/a	n/a	n/a	160	n/a
1692.2000000000	n/a	n/a	n/a	n/a	n/a	4	n/a
1692.9000000000	n/a	n/a	n/a	n/a	n/a	260	n/a
1696.0000000000	n/a	n/a	n/a	n/a	n/a	360	n/a
1702.7000000000	n/a	n/a	n/a	n/a	n/a	60	n/a
1706.0720000000	n/a	n/a	n/a	n/a	n/a	4601	n/a
1709.1000000000	n/a	n/a	n/a	n/a	n/a	500	n/a
1709.4000000000	n/a	n/a	n/a	n/a	n/a	160	n/a
1712.6000000000	n/a	n/a	n/a	n/a	n/a	4	n/a
1713.2000000000	n/a	n/a	n/a	n/a	n/a	260	n/a
1716.4000000000	n/a	n/a	n/a	n/a	n/a	360	n/a
1723.0000000000	n/a	n/a	n/a	n/a	n/a	60	n/a
1724.0060000000	n/a	n/a	n/a	n/a	n/a	4601	n/a
1729.6000000000	n/a	n/a	n/a	n/a	n/a	500	n/a
1730.0000000000	n/a	n/a	n/a	n/a	n/a	160	n/a
1733.1000000000	n/a	n/a	n/a	n/a	n/a	4	n/a
1733.8000000000	n/a	n/a	n/a	n/a	n/a	260	n/a
1736.9000000000	n/a	n/a	n/a	n/a	n/a	360	n/a
1743.6000000000	n/a	n/a	n/a	n/a	n/a	60	n/a
1746.9820000000	n/a	n/a	n/a	n/a	n/a	4600	n/a
1750.1000000000	n/a	n/a	n/a	n/a	n/a	500	n/a
1750.5000000000	n/a	n/a	n/a	n/a	n/a	160	n/a
1753.6000000000	n/a	n/a	n/a	n/a	n/a	4	n/a
1754.3000000000	n/a	n/a	n/a	n/a	n/a	260	n/a
1757.4000000000	n/a	n/a	n/a	n/a	n/a	360	n/a
1764.1000000000	n/a	n/a	n/a	n/a	n/a	60	n/a
1766.8960000000	n/a	n/a	n/a	n/a	n/a	4601	n/a
1770.6000000000	n/a	n/a	n/a	n/a	n/a	500	n/a
1771.0000000000	n/a	n/a	n/a	n/a	n/a	160	n/a
1774.1000000000	n/a	n/a	n/a	n/a	n/a	4	n/a
1774.8000000000	n/a	n/a	n/a	n/a	n/a	260	n/a
1777.9000000000	n/a	n/a	n/a	n/a	n/a	360	n/a
1784.6000000000	n/a	n/a	n/a	n/a	n/a	60	n/a
1787.0620000000	n/a	n/a	n/a	n/a	n/a	4601	n/a
1790.7000000000	n/a	n/a	n/a	n/a	n/a	500	n/a
1791.0000000000	n/a	n/a	n/a	n/a	n/a	160	n/a
1794.2000000000	n/a	n/a	n/a	n/a	n/a	4	n/a
1794.8000000000	n/a	n/a	n/a	n/a	n/a	260	n/a
1798.0000000000	n/a	n/a	n/a	n/a	n/a	360	n/a
1804.6000000000	n/a	n/a	n/a	n/a	n/a	60	n/a
1806.8740000000	n/a	n/a	n/a	n/a	n/a	4601	n/a
1810.8000000000	n/a	n/a	n/a	n/a	n/a	500	n/a
1811.2000000000	n/a	n/a	n/a	n/a	n/a	160	n/a
1814.3000000000	n/a	n/a	n/a	n/a	n/a	4	n/a
1815.0000000000	n/a	n/a	n/a	n/a	n/a	260	n/a
1818.1000000000	n/a	n/a	n/a	n/a	n/a	360	n/a
1824.8000000000	n/a	n/a	n/a	n/a	n/a	60	n/a
1827.3780000000	n/a	n/a	n/a	n/a	n/a	4600	n/a
1831.2000000000	n/a	n/a	n/a	n/a	n/a	500	n/a
1831.6000000000	n/a	n/a	n/a	n/a	n/a	160	n/a
1834.7000000000	n/a	n/a	n/a	n/a	n/a	4	n/a
1835.4000000000	n/a	n/a	n/a	n/a	n/a	260	n/a
1838.5000000000	n/a	n/a	n/a	n/a	n/a	360	n/a
1845.2000000000	n/a	n/a	n/a	n/a	n/a	60	n/a
1846.5440000000	n/a	n/a	n/a	n/a	n/a	4600	n/a
1851.4000000000	n/a	n/a	n/a	n/a	n/a	500	n/a
1851.8000000000	n/a	n/a	n/a	n/a	n/a	160	n/a
1854.9000000000	n/a	n/a	n/a	n/a	n/a	4	n/a
1855.6000000000	n/a	n/a	n/a	n/a	n/a	260	n/a
1858.7000000000	n/a	n/a	n/a	n/a	n/a	360	n/a
1865.4000000000	n/a	n/a	n/a	n/a	n/a	60	n/a
1869.1380000000	n/a	n/a	n/a	n/a	n/a	4600	n/a
1871.6000000000	n/a	n/a	n/a	n/a	n/a	500	n/a
1872.0000000000	n/a	n/a	n/a	n/a	n/a	160	n/a
1875.1000000000	n/a	n/a	n/a	n/a	n/a	4	n/a
1875.8000000000	n/a	n/a	n/a	n/a	n/a	260	n/a
1878.9000000000	n/a	n/a	n/a	n/a	n/a	360	n/a
1885.6000000000	n/a	n/a	n/a	n/a	n/a	60	n/a
1890.1180000000	n/a	n/a	n/a	n/a	n/a	4601	n/a
1892.1000000000	n/a	n/a	n/a	n/a	n/a	500	n/a
1892.4000000000	n/a	n/a	n/a	n/a	n/a	160	n/a
1895.6000000000	n/a	n/a	n/a	n/a	n/a	4	n/a
1896.2000000000	n/a	n/a	n/a	n/a	n/a	260	n/a
1899.4000000000	n/a	n/a	n/a	n/a	n/a	360	n/a
1906.0000000000	n/a	n/a	n/a	n/a	n/a	60	n/a
1910.8540000000	n/a	n/a	n/a	n/a	n/a	4601	n/a
1912.3000000000	n/a	n/a	n/a	n/a	n/a	500	n/a
1912.6000000000	n/a	n/a	n/a	n/a	n/a	160	n/a
1915.8000000000	n/a	n/a	n/a	n/a	n/a	4	n/a
1916.4000000000	n/a	n/a	n/a	n/a	n/a	260	n/a
1919.6000000000	n/a	n/a	n/a	n/a	n/a	360	n/a
1926.2000000000	n/a	n/a	n/a	n/a	n/a	60	n/a
1930.2560000000	n/a	n/a	n/a	n/a	n/a	4601	n/a
1932.7000000000	n/a	n/a	n/a	n/a	n/a	500	n/a
1933.0000000000	n/a	n/a	n/a	n/a	n/a	160	n/a
1936.2000000000	n/a	n/a	n/a	n/a	n/a	4	n/a
1936.8000000000	n/a	n/a	n/a	n/a	n/a	260	n/a
1940.0000000000	n/a	n/a	n/a	n/a	n/a	360	n/a
1946.6000000000	n/a	n/a	n/a	n/a	n/a	60	n/a
1948.7020000000	n/a	n/a	n/a	n/a	n/a	4600	n/a
1953.0000000000	n/a	n/a	n/a	n/a	n/a	500	n/a
1953.4000000000	n/a	n/a	n/a	n/a	n/a	160	n/a
1956.5000000000	n/a	n/a	n/a	n/a	n/a	4	n/a
1957.2000000000	n/a	n/a	n/a	n/a	n/a	260	n/a
1960.3000000000	n/a	n/a	n/a	n/a	n/a	360	n/a
1967.0000000000	n/a	n/a	n/a	n/a	n/a	60	n/a
1970.2300000000	n/a	n/a	n/a	n/a	n/a	4601	n/a
1973.6000000000	n/a	n/a	n/a	n/a	n/a	500	n/a
1973.9000000000	n/a	n/a	n/a	n/a	n/a	160	n/a
1977.1000000000	n/a	n/a	n/a	n/a	n/a	4	n/a
1977.7000000000	n/a	n/a	n/a	n/a	n/a	260	n/a
1980.9000000000	n/a	n/a	n/a	n/a	n/a	360	n/a
1987.5000000000	n/a	n/a	n/a	n/a	n/a	60	n/a
1989.3300000000	n/a	n/a	n/a	n/a	n/a	4601	n/a
1993.8000000000	n/a	n/a	n/a	n/a	n/a	500	n/a
1994.2000000000	n/a	n/a	n/a	n/a	n/a	160	n/a
1997.4000000000	n/a	n/a	n/a	n/a	n/a	4	n/a
1998.0000000000	n/a	n/a	n/a	n/a	n/a	260	n/a
2001.2000000000	n/a	n/a	n/a	n/a	n/a	360	n/a
2007.8000000000	n/a	n/a	n/a	n/a	n/a	60	n/a
2009.4620000000	n/a	n/a	n/a	n/a	n/a	4601	n/a
2014.3000000000	n/a	n/a	n/a	n/a	n/a	500	n/a
2014.7000000000	n/a	n/a	n/a	n/a	n/a	160	n/a
2017.8000000000	n/a	n/a	n/a	n/a	n/a	4	n/a
2018.5000000000	n/a	n/a	n/a	n/a	n/a	260	n/a
2021.6000000000	n/a	n/a	n/a	n/a	n/a	360	n/a
2028.3000000000	n/a	n/a	n/a	n/a	n/a	60	n/a
2032.6120000000	n/a	n/a	n/a	n/a	n/a	4601	n/a
2034.6000000000	n/a	n/a	n/a	n/a	n/a	500	n/a
2035.0000000000	n/a	n/a	n/a	n/a	n/a	160	n/a
2038.2000000000	n/a	n/a	n/a	n/a	n/a	4	n/a
2038.8000000000	n/a	n/a	n/a	n/a	n/a	260	n/a
2042.0000000000	n/a	n/a	n/a	n/a	n/a	360	n/a
2048.6000000000	n/a	n/a	n/a	n/a	n/a	60	n/a
2051.3220000000	n/a	n/a	n/a	n/a	n/a	4601	n/a
2055.1000000000	n/a	n/a	n/a	n/a	n/a	500	n/a
2055.4000000000	n/a	n/a	n/a	n/a	n/a	151	n/a
2058.6000000000	n/a	n/a	n/a	n/a	n/a	4	n/a
2059.2000000000	n/a	n/a	n/a	n/a	n/a	251	n/a
2062.4000000000	n/a	n/a	n/a	n/a	n/a	351	n/a
2069.1000000000	n/a	n/a	n/a	n/a	n/a	51	n/a
2072.3600000000	n/a	n/a	n/a	n/a	n/a	4511	n/a
2075.6000000000	n/a	n/a	n/a	n/a	n/a	500	n/a
2076.0000000000	n/a	n/a	n/a	n/a	n/a	151	n/a
2079.1000000000	n/a	n/a	n/a	n/a	n/a	4	n/a
2079.8000000000	n/a	n/a	n/a	n/a	n/a	251	n/a
2082.9000000000	n/a	n/a	n/a	n/a	n/a	351	n/a
2089.6000000000	n/a	n/a	n/a	n/a	n/a	51	n/a
2093.0820000000	n/a	n/a	n/a	n/a	n/a	4511	n/a
2096.0000000000	n/a	n/a	n/a	n/a	n/a	500	n/a
2096.3000000000	n/a	n/a	n/a	n/a	n/a	151	n/a
2099.5000000000	n/a	n/a	n/a	n/a	n/a	4	n/a
2100.1000000000	n/a	n/a	n/a	n/a	n/a	251	n/a
2103.3000000000	n/a	n/a	n/a	n/a	n/a	351	n/a
2109.9000000000	n/a	n/a	n/a	n/a	n/a	51	n/a
2112.8620000000	n/a	n/a	n/a	n/a	n/a	4510	n/a
2116.1000000000	n/a	n/a	n/a	n/a	n/a	500	n/a
2116.5000000000	n/a	n/a	n/a	n/a	n/a	151	n/a
2119.6000000000	n/a	n/a	n/a	n/a	n/a	4	n/a
2120.3000000000	n/a	n/a	n/a	n/a	n/a	251	n/a
2123.4000000000	n/a	n/a	n/a	n/a	n/a	351	n/a
2130.1000000000	n/a	n/a	n/a	n/a	n/a	51	n/a
2132.2460000000	n/a	n/a	n/a	n/a	n/a	4511	n/a
2136.6000000000	n/a	n/a	n/a	n/a	n/a	500	n/a
2137.0000000000	n/a	n/a	n/a	n/a	n/a	151	n/a
2140.1000000000	n/a	n/a	n/a	n/a	n/a	4	n/a
2140.8000000000	n/a	n/a	n/a	n/a	n/a	251	n/a
2143.9000000000	n/a	n/a	n/a	n/a	n/a	351	n/a
2150.6000000000	n/a	n/a	n/a	n/a	n/a	51	n/a
2152.3880000000	n/a	n/a	n/a	n/a	n/a	4511	n/a
2157.1000000000	n/a	n/a	n/a	n/a	n/a	500	n/a
2157.5000000000	n/a	n/a	n/a	n/a	n/a	151	n/a
2160.6000000000	n/a	n/a	n/a	n/a	n/a	4	n/a
2161.3000000000	n/a	n/a	n/a	n/a	n/a	251	n/a
2164.4000000000	n/a	n/a	n/a	n/a	n/a	351	n/a
2171.1000000000	n/a	n/a	n/a	n/a	n/a	51	n/a
2174.6020000000	n/a	n/a	n/a	n/a	n/a	4511	n/a
2177.5000000000	n/a	n/a	n/a	n/a	n/a	500	n/a
2177.9000000000	n/a	n/a	n/a	n/a	n/a	151	n/a
2181.0000000000	n/a	n/a	n/a	n/a	n/a	4	n/a
2181.7000000000	n/a	n/a	n/a	n/a	n/a	251	n/a
2184.8000000000	n/a	n/a	n/a	n/a	n/a	351	n/a
2191.5000000000	n/a	n/a	n/a	n/a	n/a	51	n/a
2193.4100000000	n/a	n/a	n/a	n/a	n/a	4511	n/a
2198.0000000000	n/a	n/a	n/a	n/a	n/a	500	n/a
2198.4000000000	n/a	n/a	n/a	n/a	n/a	151	n/a
2201.5000000000	n/a	n/a	n/a	n/a	n/a	4	n/a
2202.2000000000	n/a	n/a	n/a	n/a	n/a	251	n/a
2205.3000000000	n/a	n/a	n/a	n/a	n/a	351	n/a
2212.0000000000	n/a	n/a	n/a	n/a	n/a	51	n/a
2215.9200000000	n/a	n/a	n/a	n/a	n/a	4511	n/a
2218.3000000000	n/a	n/a	n/a	n/a	n/a	500	n/a
2218.7000000000	n/a	n/a	n/a	n/a	n/a	151	n/a
2221.8000000000	n/a	n/a	n/a	n/a	n/a	4	n/a
2222.5000000000	n/a	n/a	n/a	n/a	n/a	251	n/a
2225.6000000000	n/a	n/a	n/a	n/a	n/a	351	n/a
2232.3000000000	n/a	n/a	n/a	n/a	n/a	51	n/a
2236.2860000000	n/a	n/a	n/a	n/a	n/a	4511	n/a
2238.8000000000	n/a	n/a	n/a	n/a	n/a	500	n/a
2239.2000000000	n/a	n/a	n/a	n/a	n/a	151	n/a
2242.3000000000	n/a	n/a	n/a	n/a	n/a	4	n/a
2243.0000000000	n/a	n/a	n/a	n/a	n/a	251	n/a
2246.1000000000	n/a	n/a	n/a	n/a	n/a	351	n/a
2252.8000000000	n/a	n/a	n/a	n/a	n/a	51	n/a
2257.0940000000	n/a	n/a	n/a	n/a	n/a	4511	n/a
2258.9000000000	n/a	n/a	n/a	n/a	n/a	500	n/a
2259.3000000000	n/a	n/a	n/a	n/a	n/a	151	n/a
2262.4000000000	n/a	n/a	n/a	n/a	n/a	4	n/a
2263.1000000000	n/a	n/a	n/a	n/a	n/a	251	n/a
2266.2000000000	n/a	n/a	n/a	n/a	n/a	351	n/a
2272.9000000000	n/a	n/a	n/a	n/a	n/a	51	n/a
2275.5920000000	n/a	n/a	n/a	n/a	n/a	4510	n/a
2279.3000000000	n/a	n/a	n/a	n/a	n/a	500	n/a
2279.7000000000	n/a	n/a	n/a	n/a	n/a	151	n/a
2282.8000000000	n/a	n/a	n/a	n/a	n/a	4	n/a
2283.5000000000	n/a	n/a	n/a	n/a	n/a	251	n/a
2286.6000000000	n/a	n/a	n/a	n/a	n/a	351	n/a
2293.3000000000	n/a	n/a	n/a	n/a	n/a	51	n/a
2296.7260000000	n/a	n/a	n/a	n/a	n/a	4510	n/a
2299.7000000000	n/a	n/a	n/a	n/a	n/a	500	n/a
2300.0000000000	n/a	n/a	n/a	n/a	n/a	151	n/a
2303.2000000000	n/a	n/a	n/a	n/a	n/a	4	n/a
2303.8000000000	n/a	n/a	n/a	n/a	n/a	251	n/a
2307.0000000000	n/a	n/a	n/a	n/a	n/a	351	n/a
2313.6000000000	n/a	n/a	n/a	n/a	n/a	51	n/a
2317.5660000000	n/a	n/a	n/a	n/a	n/a	4511	n/a
2319.9000000000	n/a	n/a	n/a	n/a	n/a	500	n/a
2320.2000000000	n/a	n/a	n/a	n/a	n/a	151	n/a
2323.4000000000	n/a	n/a	n/a	n/a	n/a	4	n/a
2324.0000000000	n/a	n/a	n/a	n/a	n/a	251	n/a
2327.2000000000	n/a	n/a	n/a	n/a	n/a	351	n/a
2333.8000000000	n/a	n/a	n/a	n/a	n/a	51	n/a
2336.1140000000	n/a	n/a	n/a	n/a	n/a	4511	n/a
2340.3000000000	n/a	n/a	n/a	n/a	n/a	500	n/a
2340.7000000000	n/a	n/a	n/a	n/a	n/a	151	n/a
2343.8000000000	n/a	n/a	n/a	n/a	n/a	4	n/a
2344.5000000000	n/a	n/a	n/a	n/a	n/a	251	n/a
2347.6000000000	n/a	n/a	n/a	n/a	n/a	351	n/a
2354.3000000000	n/a	n/a	n/a	n/a	n/a	51	n/a
2357.3880000000	n/a	n/a	n/a	n/a	n/a	4511	n/a
2360.5000000000	n/a	n/a	n/a	n/a	n/a	500	n/a
2360.9000000000	n/a	n/a	n/a	n/a	n/a	151	n/a
2364.0000000000	n/a	n/a	n/a	n/a	n/a	4	n/a
2364.7000000000	n/a	n/a	n/a	n/a	n/a	251	n/a
2367.8000000000	n/a	n/a	n/a	n/a	n/a	351	n/a
2374.5000000000	n/a	n/a	n/a	n/a	n/a	51	n/a
2377.7680000000	n/a	n/a	n/a	n/a	n/a	4511	n/a
2381.1000000000	n/a	n/a	n/a	n/a	n/a	500	n/a
2381.4000000000	n/a	n/a	n/a	n/a	n/a	151	n/a
2384.6000000000	n/a	n/a	n/a	n/a	n/a	4	n/a
2385.2000000000	n/a	n/a	n/a	n/a	n/a	251	n/a
2388.4000000000	n/a	n/a	n/a	n/a	n/a	351	n/a
2395.0000000000	n/a	n/a	n/a	n/a	n/a	51	n/a
2396.4560000000	n/a	n/a	n/a	n/a	n/a	4511	n/a
2401.3000000000	n/a	n/a	n/a	n/a	n/a	500	n/a
2401.7000000000	n/a	n/a	n/a	n/a	n/a	151	n/a
2404.8000000000	n/a	n/a	n/a	n/a	n/a	4	n/a
2405.4000000000	n/a	n/a	n/a	n/a	n/a	251	n/a
2408.6000000000	n/a	n/a	n/a	n/a	n/a	351	n/a
2415.3000000000	n/a	n/a	n/a	n/a	n/a	51	n/a
2418.9900000000	n/a	n/a	n/a	n/a	n/a	4511	n/a
2421.6000000000	n/a	n/a	n/a	n/a	n/a	500	n/a
2421.9000000000	n/a	n/a	n/a	n/a	n/a	151	n/a
2425.1000000000	n/a	n/a	n/a	n/a	n/a	4	n/a
2425.7000000000	n/a	n/a	n/a	n/a	n/a	251	n/a
2428.8000000000	n/a	n/a	n/a	n/a	n/a	351	n/a
2435.5000000000	n/a	n/a	n/a	n/a	n/a	51	n/a
2436.2380000000	n/a	n/a	n/a	n/a	n/a	4511	n/a
2441.8000000000	n/a	n/a	n/a	n/a	n/a	500	n/a
2442.2000000000	n/a	n/a	n/a	n/a	n/a	151	n/a
2445.3000000000	n/a	n/a	n/a	n/a	n/a	4	n/a
2446.0000000000	n/a	n/a	n/a	n/a	n/a	251	n/a
2449.2000000000	n/a	n/a	n/a	n/a	n/a	351	n/a
2455.8000000000	n/a	n/a	n/a	n/a	n/a	51	n/a
2457.3160000000	n/a	n/a	n/a	n/a	n/a	4511	n/a
2462.1000000000	n/a	n/a	n/a	n/a	n/a	500	n/a
2462.4000000000	n/a	n/a	n/a	n/a	n/a	170	n/a
2465.6000000000	n/a	n/a	n/a	n/a	n/a	4	n/a
2466.3000000000	n/a	n/a	n/a	n/a	n/a	270	n/a
2469.4000000000	n/a	n/a	n/a	n/a	n/a	370	n/a
2476.1000000000	n/a	n/a	n/a	n/a	n/a	70	n/a
2479.2100000000	n/a	n/a	n/a	n/a	n/a	4700	n/a
2482.6000000000	n/a	n/a	n/a	n/a	n/a	500	n/a
2482.9000000000	n/a	n/a	n/a	n/a	n/a	170	n/a
2486.1000000000	n/a	n/a	n/a	n/a	n/a	4	n/a
2486.7000000000	n/a	n/a	n/a	n/a	n/a	270	n/a
2489.9000000000	n/a	n/a	n/a	n/a	n/a	370	n/a
2496.5000000000	n/a	n/a	n/a	n/a	n/a	70	n/a
2500.1340000000	n/a	n/a	n/a	n/a	n/a	4700	n/a
2502.8000000000	n/a	n/a	n/a	n/a	n/a	500	n/a
2503.2000000000	n/a	n/a	n/a	n/a	n/a	170	n/a
2506.3000000000	n/a	n/a	n/a	n/a	n/a	4	n/a
2507.0000000000	n/a	n/a	n/a	n/a	n/a	270	n/a
2510.1000000000	n/a	n/a	n/a	n/a	n/a	370	n/a
2516.8000000000	n/a	n/a	n/a	n/a	n/a	70	n/a
2520.0260000000	n/a	n/a	n/a	n/a	n/a	4701	n/a
2523.0000000000	n/a	n/a	n/a	n/a	n/a	500	n/a
2523.4000000000	n/a	n/a	n/a	n/a	n/a	170	n/a
2526.5000000000	n/a	n/a	n/a	n/a	n/a	4	n/a
2527.2000000000	n/a	n/a	n/a	n/a	n/a	270	n/a
2530.3000000000	n/a	n/a	n/a	n/a	n/a	370	n/a
2537.0000000000	n/a	n/a	n/a	n/a	n/a	70	n/a
2539.7080000000	n/a	n/a	n/a	n/a	n/a	4700	n/a
2543.2000000000	n/a	n/a	n/a	n/a	n/a	500	n/a
2543.5000000000	n/a	n/a	n/a	n/a	n/a	170	n/a
2546.7000000000	n/a	n/a	n/a	n/a	n/a	4	n/a
2547.3000000000	n/a	n/a	n/a	n/a	n/a	270	n/a
2550.5000000000	n/a	n/a	n/a	n/a	n/a	370	n/a
2557.2000000000	n/a	n/a	n/a	n/a	n/a	70	n/a
2560.4760000000	n/a	n/a	n/a	n/a	n/a	4700	n/a
2563.4000000000	n/a	n/a	n/a	n/a	n/a	500	n/a
2563.7000000000	n/a	n/a	n/a	n/a	n/a	170	n/a
2566.9000000000	n/a	n/a	n/a	n/a	n/a	4	n/a
2567.5000000000	n/a	n/a	n/a	n/a	n/a	270	n/a
2570.7000000000	n/a	n/a	n/a	n/a	n/a	370	n/a
2577.3000000000	n/a	n/a	n/a	n/a	n/a	70	n/a
2580.8260000000	n/a	n/a	n/a	n/a	n/a	4701	n/a
2583.5000000000	n/a	n/a	n/a	n/a	n/a	500	n/a
2583.8000000000	n/a	n/a	n/a	n/a	n/a	170	n/a
2587.0000000000	n/a	n/a	n/a	n/a	n/a	4	n/a
2587.6000000000	n/a	n/a	n/a	n/a	n/a	270	n/a
2590.8000000000	n/a	n/a	n/a	n/a	n/a	370	n/a
2597.4000000000	n/a	n/a	n/a	n/a	n/a	70	n/a
2599.4200000000	n/a	n/a	n/a	n/a	n/a	4701	n/a
2603.6000000000	n/a	n/a	n/a	n/a	n/a	500	n/a
2604.0000000000	n/a	n/a	n/a	n/a	n/a	170	n/a
2607.1000000000	n/a	n/a	n/a	n/a	n/a	4	n/a
2607.8000000000	n/a	n/a	n/a	n/a	n/a	270	n/a
2610.9000000000	n/a	n/a	n/a	n/a	n/a	370	n/a
2617.6000000000	n/a	n/a	n/a	n/a	n/a	70	n/a
2620.7500000000	n/a	n/a	n/a	n/a	n/a	4701	n/a
2623.7000000000	n/a	n/a	n/a	n/a	n/a	500	n/a
2624.1000000000	n/a	n/a	n/a	n/a	n/a	170	n/a
2627.2000000000	n/a	n/a	n/a	n/a	n/a	4	n/a
2627.9000000000	n/a	n/a	n/a	n/a	n/a	270	n/a
2631.0000000000	n/a	n/a	n/a	n/a	n/a	370	n/a
2637.7000000000	n/a	n/a	n/a	n/a	n/a	70	n/a
2639.2480000000	n/a	n/a	n/a	n/a	n/a	4701	n/a
2643.9000000000	n/a	n/a	n/a	n/a	n/a	500	n/a
2644.2000000000	n/a	n/a	n/a	n/a	n/a	170	n/a
2647.4000000000	n/a	n/a	n/a	n/a	n/a	4	n/a
2648.0000000000	n/a	n/a	n/a	n/a	n/a	270	n/a
2651.2000000000	n/a	n/a	n/a	n/a	n/a	370	n/a
2657.8000000000	n/a	n/a	n/a	n/a	n/a	70	n/a
2659.4560000000	n/a	n/a	n/a	n/a	n/a	4701	n/a
2664.2000000000	n/a	n/a	n/a	n/a	n/a	500	n/a
2664.5000000000	n/a	n/a	n/a	n/a	n/a	170	n/a
2667.7000000000	n/a	n/a	n/a	n/a	n/a	4	n/a
2668.3000000000	n/a	n/a	n/a	n/a	n/a	270	n/a
2671.5000000000	n/a	n/a	n/a	n/a	n/a	370	n/a
2678.1000000000	n/a	n/a	n/a	n/a	n/a	70	n/a
2682.2920000000	n/a	n/a	n/a	n/a	n/a	4701	n/a
2684.5000000000	n/a	n/a	n/a	n/a	n/a	500	n/a
2684.8000000000	n/a	n/a	n/a	n/a	n/a	170	n/a
2688.0000000000	n/a	n/a	n/a	n/a	n/a	4	n/a
2688.6000000000	n/a	n/a	n/a	n/a	n/a	270	n/a
2691.8000000000	n/a	n/a	n/a	n/a	n/a	370	n/a
2698.4000000000	n/a	n/a	n/a	n/a	n/a	70	n/a
2700.5940000000	n/a	n/a	n/a	n/a	n/a	4701	n/a
2704.6000000000	n/a	n/a	n/a	n/a	n/a	500	n/a
2705.0000000000	n/a	n/a	n/a	n/a	n/a	170	n/a
2708.1000000000	n/a	n/a	n/a	n/a	n/a	4	n/a
2708.8000000000	n/a	n/a	n/a	n/a	n/a	270	n/a
2711.9000000000	n/a	n/a	n/a	n/a	n/a	370	n/a
2718.6000000000	n/a	n/a	n/a	n/a	n/a	70	n/a
2721.8560000000	n/a	n/a	n/a	n/a	n/a	4700	n/a
2724.9000000000	n/a	n/a	n/a	n/a	n/a	500	n/a
2725.2000000000	n/a	n/a	n/a	n/a	n/a	170	n/a
2728.4000000000	n/a	n/a	n/a	n/a	n/a	4	n/a
2729.0000000000	n/a	n/a	n/a	n/a	n/a	270	n/a
2732.2000000000	n/a	n/a	n/a	n/a	n/a	370	n/a
2738.8000000000	n/a	n/a	n/a	n/a	n/a	70	n/a
2741.4220000000	n/a	n/a	n/a	n/a	n/a	4701	n/a
2745.2000000000	n/a	n/a	n/a	n/a	n/a	500	n/a
2745.5000000000	n/a	n/a	n/a	n/a	n/a	170	n/a
2748.7000000000	n/a	n/a	n/a	n/a	n/a	4	n/a
2749.3000000000	n/a	n/a	n/a	n/a	n/a	270	n/a
2752.4000000000	n/a	n/a	n/a	n/a	n/a	370	n/a
2759.1000000000	n/a	n/a	n/a	n/a	n/a	70	n/a
2762.5800000000	n/a	n/a	n/a	n/a	n/a	4700	n/a
2765.6000000000	n/a	n/a	n/a	n/a	n/a	500	n/a
2765.9000000000	n/a	n/a	n/a	n/a	n/a	170	n/a
2769.1000000000	n/a	n/a	n/a	n/a	n/a	4	n/a
2769.7000000000	n/a	n/a	n/a	n/a	n/a	270	n/a
2772.9000000000	n/a	n/a	n/a	n/a	n/a	370	n/a
2779.5000000000	n/a	n/a	n/a	n/a	n/a	70	n/a
2784.7580000000	n/a	n/a	n/a	n/a	n/a	4700	n/a
2786.0000000000	n/a	n/a	n/a	n/a	n/a	500	n/a
2786.3000000000	n/a	n/a	n/a	n/a	n/a	170	n/a
2789.5000000000	n/a	n/a	n/a	n/a	n/a	4	n/a
2790.1000000000	n/a	n/a	n/a	n/a	n/a	270	n/a
2793.3000000000	n/a	n/a	n/a	n/a	n/a	370	n/a
2799.9000000000	n/a	n/a	n/a	n/a	n/a	70	n/a
2802.3720000000	n/a	n/a	n/a	n/a	n/a	4700	n/a
2806.1000000000	n/a	n/a	n/a	n/a	n/a	500	n/a
2806.5000000000	n/a	n/a	n/a	n/a	n/a	170	n/a
2809.6000000000	n/a	n/a	n/a	n/a	n/a	4	n/a
2810.3000000000	n/a	n/a	n/a	n/a	n/a	270	n/a
2813.4000000000	n/a	n/a	n/a	n/a	n/a	370	n/a
2820.1000000000	n/a	n/a	n/a	n/a	n/a	70	n/a
2823.8160000000	n/a	n/a	n/a	n/a	n/a	4700	n/a
2826.4000000000	n/a	n/a	n/a	n/a	n/a	500	n/a
2826.8000000000	n/a	n/a	n/a	n/a	n/a	170	n/a
2829.9000000000	n/a	n/a	n/a	n/a	n/a	4	n/a
2830.6000000000	n/a	n/a	n/a	n/a	n/a	270	n/a
2833.7000000000	n/a	n/a	n/a	n/a	n/a	370	n/a
2840.4000000000	n/a	n/a	n/a	n/a	n/a	70	n/a
2843.2740000000	n/a	n/a	n/a	n/a	n/a	4700	n/a
2846.8000000000	n/a	n/a	n/a	n/a	n/a	500	n/a
2847.2000000000	n/a	n/a	n/a	n/a	n/a	170	n/a
2850.3000000000	n/a	n/a	n/a	n/a	n/a	4	n/a
2851.0000000000	n/a	n/a	n/a	n/a	n/a	270	n/a
2854.1000000000	n/a	n/a	n/a	n/a	n/a	370	n/a
2860.8000000000	n/a	n/a	n/a	n/a	n/a	70	n/a
2863.3660000000	n/a	n/a	n/a	n/a	n/a	4701	n/a
